{"pjparams": {
  "elements": [
    {"element": {
      "xy": "496.0,416.0",
      "ioparams": [
        {"ioparam": {
          "id": "速度",
          "type": "real"
        }},
        {"ioparam": {
          "id": "加速度",
          "type": "real"
        }},
        {"ioparam": {
          "id": "車軸回転数",
          "type": "real"
        }},
        {"ioparam": {
          "id": "時速",
          "type": "real"
        }},
        {"ioparam": {
          "id": "モータ負担率",
          "type": "real"
        }}
      ],
      "id": "車輪",
      "type": "equipment"
    }},
    {"element": {
      "xy": "736.0,231.0",
      "ioparams": [],
      "id": "モータ",
      "type": "actuator"
    }},
    {"element": {
      "xy": "504.0,58.0",
      "ioparams": [],
      "id": "コントローラ",
      "type": "controller"
    }},
    {"element": {
      "xy": "224.0,190.0",
      "ioparams": [],
      "id": "ペダルトルクセンサー",
      "type": "sensor"
    }},
    {"element": {
      "xy": "779.0,515.0",
      "ioparams": [
        {"ioparam": {
          "id": "道路摩擦",
          "type": "real"
        }},
        {"ioparam": {
          "id": "外乱",
          "type": "real"
        }}
      ],
      "id": "環境",
      "type": "injector"
    }},
    {"element": {
      "xy": "125.0,381.0",
      "ioparams": [{"ioparam": {
        "id": "足クランク回転数",
        "type": "real"
      }}],
      "id": "運転者足",
      "type": "actuator"
    }},
    {"element": {
      "xy": "27.0,205.0",
      "ioparams": [{"ioparam": {
        "id": "踏力設定値",
        "type": "real"
      }}],
      "id": "運転者",
      "type": "injector"
    }}
  ],
  "scenes": [{"scene": {
    "size": 20,
    "values": [
      {
        "ioValues": [
          {"iovalue": {
            "init": false,
            "id": "速度",
            "type": "Element",
            "list": "REAL,0.0,0.0,0.0,0.0,0.0,0.0,0.0,0.0,0.0,0.0,0.0,0.0,0.0,0.0,0.0,0.0,0.0,0.0,0.0,0.0"
          }},
          {"iovalue": {
            "init": false,
            "id": "加速度",
            "type": "Element",
            "list": "REAL,0.0,0.0,0.0,0.0,0.0,0.0,0.0,0.0,0.0,0.0,0.0,0.0,0.0,0.0,0.0,0.0,0.0,0.0,0.0,0.0"
          }},
          {"iovalue": {
            "init": false,
            "id": "車軸回転数",
            "type": "Element",
            "list": "REAL,0.0,0.0,0.0,0.0,0.0,0.0,0.0,0.0,0.0,0.0,0.0,0.0,0.0,0.0,0.0,0.0,0.0,0.0,0.0,0.0"
          }},
          {"iovalue": {
            "init": false,
            "id": "時速",
            "type": "Element",
            "list": "REAL,0.0,0.0,0.0,0.0,0.0,0.0,0.0,0.0,0.0,0.0,0.0,0.0,0.0,0.0,0.0,0.0,0.0,0.0,0.0,0.0"
          }},
          {"iovalue": {
            "init": false,
            "id": "モータ負担率",
            "type": "Element",
            "list": "REAL,0.0,0.0,0.0,0.0,0.0,0.0,0.0,0.0,0.0,0.0,0.0,0.0,0.0,0.0,0.0,0.0,0.0,0.0,0.0,0.0"
          }},
          {"iovalue": {
            "init": false,
            "id": "踏力B",
            "type": "Connector",
            "list": "REAL,0.0,0.0,0.0,0.0,0.0,0.0,0.0,0.0,0.0,0.0,0.0,0.0,0.0,0.0,0.0,0.0,0.0,0.0,0.0,0.0"
          }},
          {"iovalue": {
            "init": false,
            "id": "モータトルク",
            "type": "Connector",
            "list": "REAL,0.0,0.0,0.0,0.0,0.0,0.0,0.0,0.0,0.0,0.0,0.0,0.0,0.0,0.0,0.0,0.0,0.0,0.0,0.0,0.0"
          }},
          {"iovalue": {
            "init": false,
            "id": "反力",
            "type": "Connector",
            "list": "REAL,0.0,0.0,0.0,0.0,0.0,0.0,0.0,0.0,0.0,0.0,0.0,0.0,0.0,0.0,0.0,0.0,0.0,0.0,0.0,0.0"
          }},
          {"iovalue": {
            "init": false,
            "id": "摩擦力",
            "type": "Connector",
            "list": "REAL,0.0,0.0,0.0,0.0,0.0,0.0,0.0,0.0,0.0,0.0,0.0,0.0,0.0,0.0,0.0,0.0,0.0,0.0,0.0,0.0"
          }},
          {"iovalue": {
            "init": false,
            "id": "クランク回転数",
            "type": "Connector",
            "list": "REAL,0.0,0.0,0.0,0.0,0.0,0.0,0.0,0.0,0.0,0.0,0.0,0.0,0.0,0.0,0.0,0.0,0.0,0.0,0.0,0.0"
          }},
          {"iovalue": {
            "init": false,
            "id": "時速値",
            "type": "Connector",
            "list": "REAL,0.0,0.0,0.0,0.0,0.0,0.0,0.0,0.0,0.0,0.0,0.0,0.0,0.0,0.0,0.0,0.0,0.0,0.0,0.0,0.0"
          }},
          {"iovalue": {
            "init": false,
            "id": "時速B",
            "type": "Connector",
            "list": "REAL,0.0,0.0,0.0,0.0,0.0,0.0,0.0,0.0,0.0,0.0,0.0,0.0,0.0,0.0,0.0,0.0,0.0,0.0,0.0,0.0"
          }}
        ],
        "eleid": "車輪"
      },
      {
        "ioValues": [
          {"iovalue": {
            "init": true,
            "id": "踏力設定値",
            "type": "Element",
            "list": "REAL,0.0,250.0,250.0,250.0,250.0,250.0,250.0,250.0,30.0,30.0,30.0,30.0,30.0,30.0,30.0,30.0,30.0,30.0,30.0,30.0"
          }},
          {"iovalue": {
            "init": false,
            "id": "踏力指令",
            "type": "Connector",
            "list": "REAL,0.0,0.0,0.0,0.0,0.0,0.0,0.0,0.0,0.0,0.0,0.0,0.0,0.0,0.0,0.0,0.0,0.0,0.0,0.0,0.0"
          }},
          {"iovalue": {
            "init": false,
            "id": "時速B",
            "type": "Connector",
            "list": "REAL,0.0,0.0,0.0,0.0,0.0,0.0,0.0,0.0,0.0,0.0,0.0,0.0,0.0,0.0,0.0,0.0,0.0,0.0,0.0,0.0"
          }}
        ],
        "eleid": "運転者"
      },
      {
        "ioValues": [
          {"iovalue": {
            "init": false,
            "id": "トルク",
            "type": "Connector",
            "list": "REAL,0.0,0.0,0.0,0.0,0.0,0.0,0.0,0.0,0.0,0.0,0.0,0.0,0.0,0.0,0.0,0.0,0.0,0.0,0.0,0.0"
          }},
          {"iovalue": {
            "init": false,
            "id": "電力",
            "type": "Connector",
            "list": "REAL,0.0,0.0,0.0,0.0,0.0,0.0,0.0,0.0,0.0,0.0,0.0,0.0,0.0,0.0,0.0,0.0,0.0,0.0,0.0,0.0"
          }},
          {"iovalue": {
            "init": false,
            "id": "時速値",
            "type": "Connector",
            "list": "REAL,0.0,0.0,0.0,0.0,0.0,0.0,0.0,0.0,0.0,0.0,0.0,0.0,0.0,0.0,0.0,0.0,0.0,0.0,0.0,0.0"
          }}
        ],
        "eleid": "コントローラ"
      },
      {
        "ioValues": [
          {"iovalue": {
            "init": false,
            "id": "電力",
            "type": "Connector",
            "list": "REAL,0.0,0.0,0.0,0.0,0.0,0.0,0.0,0.0,0.0,0.0,0.0,0.0,0.0,0.0,0.0,0.0,0.0,0.0,0.0,0.0"
          }},
          {"iovalue": {
            "init": false,
            "id": "モータトルク",
            "type": "Connector",
            "list": "REAL,0.0,0.0,0.0,0.0,0.0,0.0,0.0,0.0,0.0,0.0,0.0,0.0,0.0,0.0,0.0,0.0,0.0,0.0,0.0,0.0"
          }}
        ],
        "eleid": "モータ"
      },
      {
        "ioValues": [
          {"iovalue": {
            "init": false,
            "id": "足クランク回転数",
            "type": "Element",
            "list": "REAL,0.0,0.0,0.0,0.0,0.0,0.0,0.0,0.0,0.0,0.0,0.0,0.0,0.0,0.0,0.0,0.0,0.0,0.0,0.0,0.0"
          }},
          {"iovalue": {
            "init": false,
            "id": "踏力B",
            "type": "Connector",
            "list": "REAL,0.0,0.0,0.0,0.0,0.0,0.0,0.0,0.0,0.0,0.0,0.0,0.0,0.0,0.0,0.0,0.0,0.0,0.0,0.0,0.0"
          }},
          {"iovalue": {
            "init": false,
            "id": "踏力A",
            "type": "Connector",
            "list": "REAL,0.0,0.0,0.0,0.0,0.0,0.0,0.0,0.0,0.0,0.0,0.0,0.0,0.0,0.0,0.0,0.0,0.0,0.0,0.0,0.0"
          }},
          {"iovalue": {
            "init": false,
            "id": "クランク回転数",
            "type": "Connector",
            "list": "REAL,0.0,0.0,0.0,0.0,0.0,0.0,0.0,0.0,0.0,0.0,0.0,0.0,0.0,0.0,0.0,0.0,0.0,0.0,0.0,0.0"
          }},
          {"iovalue": {
            "init": false,
            "id": "踏力指令",
            "type": "Connector",
            "list": "REAL,0.0,0.0,0.0,0.0,0.0,0.0,0.0,0.0,0.0,0.0,0.0,0.0,0.0,0.0,0.0,0.0,0.0,0.0,0.0,0.0"
          }}
        ],
        "eleid": "運転者足"
      },
      {
        "ioValues": [
          {"iovalue": {
            "init": false,
            "id": "踏力A",
            "type": "Connector",
            "list": "REAL,0.0,0.0,0.0,0.0,0.0,0.0,0.0,0.0,0.0,0.0,0.0,0.0,0.0,0.0,0.0,0.0,0.0,0.0,0.0,0.0"
          }},
          {"iovalue": {
            "init": false,
            "id": "トルク",
            "type": "Connector",
            "list": "REAL,0.0,0.0,0.0,0.0,0.0,0.0,0.0,0.0,0.0,0.0,0.0,0.0,0.0,0.0,0.0,0.0,0.0,0.0,0.0,0.0"
          }}
        ],
        "eleid": "ペダルトルクセンサー"
      },
      {
        "ioValues": [
          {"iovalue": {
            "init": true,
            "id": "道路摩擦",
            "type": "Element",
            "list": "REAL,0.0,0.0,0.0,0.0,0.0,0.0,0.0,0.0,0.0,0.0,0.0,0.0,0.0,0.0,0.0,0.0,0.0,0.0,0.0,0.0"
          }},
          {"iovalue": {
            "init": true,
            "id": "外乱",
            "type": "Element",
            "list": "REAL,0.0,0.0,0.0,0.0,0.0,0.0,0.0,0.0,0.0,0.0,0.0,0.0,0.0,0.0,0.0,0.0,0.0,0.0,0.0,0.0"
          }},
          {"iovalue": {
            "init": false,
            "id": "反力",
            "type": "Connector",
            "list": "REAL,0.0,0.0,0.0,0.0,0.0,0.0,0.0,0.0,0.0,0.0,0.0,0.0,0.0,0.0,0.0,0.0,0.0,0.0,0.0,0.0"
          }},
          {"iovalue": {
            "init": false,
            "id": "摩擦力",
            "type": "Connector",
            "list": "REAL,0.0,0.0,0.0,0.0,0.0,0.0,0.0,0.0,0.0,0.0,0.0,0.0,0.0,0.0,0.0,0.0,0.0,0.0,0.0,0.0"
          }}
        ],
        "eleid": "環境"
      }
    ],
    "sceneid": "XXXX",
    "deviation": {
      "kind": "connector",
      "deviationid": 0,
      "paramid": "踏力指令"
    },
    "dStartIdx": 0
  }}],
  "connections": [
    {"connection": {
      "ioparams": [{"ioparam": {
        "id": "踏力B",
        "type": "real"
      }}],
      "coordinates": [
        {"xy": "276.0,436.0"},
        {"xy": "363.0,471.0"},
        {"xy": "496.0,475.0"}
      ],
      "from": "運転者足",
      "to": "車輪"
    }},
    {"connection": {
      "ioparams": [{"ioparam": {
        "id": "踏力A",
        "type": "real"
      }}],
      "coordinates": [
        {"xy": "234.0,380.0"},
        {"xy": "293.0,315.0"},
        {"xy": "293.0,269.0"}
      ],
      "from": "運転者足",
      "to": "ペダルトルクセンサー"
    }},
    {"connection": {
      "ioparams": [{"ioparam": {
        "id": "トルク",
        "type": "real"
      }}],
      "coordinates": [
        {"xy": "294.0,189.0"},
        {"xy": "294.0,103.0"},
        {"xy": "503.0,103.0"}
      ],
      "from": "ペダルトルクセンサー",
      "to": "コントローラ"
    }},
    {"connection": {
      "ioparams": [{"ioparam": {
        "id": "電力",
        "type": "real"
      }}],
      "coordinates": [
        {"xy": "654.0,103.0"},
        {"xy": "810.0,103.0"},
        {"xy": "810.0,230.0"}
      ],
      "from": "コントローラ",
      "to": "モータ"
    }},
    {"connection": {
      "ioparams": [{"ioparam": {
        "id": "モータトルク",
        "type": "real"
      }}],
      "coordinates": [
        {"xy": "812.0,311.0"},
        {"xy": "811.0,462.0"},
        {"xy": "648.0,462.0"}
      ],
      "from": "モータ",
      "to": "車輪"
    }},
    {"connection": {
      "ioparams": [{"ioparam": {
        "id": "反力",
        "type": "real"
      }}],
      "coordinates": [
        {"xy": "780.0,572.0"},
        {"xy": "632.0,572.0"},
        {"xy": "609.0,517.0"}
      ],
      "from": "環境",
      "to": "車輪"
    }},
    {"connection": {
      "ioparams": [{"ioparam": {
        "id": "摩擦力",
        "type": "real"
      }}],
      "coordinates": [
        {"xy": "780.0,543.0"},
        {"xy": "648.0,543.0"},
        {"xy": "630.0,516.0"}
      ],
      "from": "環境",
      "to": "車輪"
    }},
    {"connection": {
      "ioparams": [{"ioparam": {
        "id": "クランク回転数",
        "type": "real"
      }}],
      "coordinates": [
        {"xy": "497.0,434.0"},
        {"xy": "342.0,425.0"},
        {"xy": "278.0,411.0"}
      ],
      "from": "車輪",
      "to": "運転者足"
    }},
    {"connection": {
      "ioparams": [{"ioparam": {
        "id": "踏力指令",
        "type": "real"
      }}],
      "coordinates": [
        {"xy": "113.0,275.0"},
        {"xy": "113.0,308.0"},
        {"xy": "157.0,381.0"}
      ],
      "from": "運転者",
      "to": "運転者足"
    }},
    {"connection": {
      "ioparams": [{"ioparam": {
        "id": "時速値",
        "type": "real"
      }}],
      "coordinates": [
        {"xy": "567.0,414.0"},
        {"xy": "572.0,289.0"},
        {"xy": "572.0,138.0"}
      ],
      "from": "車輪",
      "to": "コントローラ"
    }},
    {"connection": {
      "ioparams": [{"ioparam": {
        "id": "時速B",
        "type": "real"
      }}],
      "coordinates": [
        {"xy": "497.0,505.0"},
        {"xy": "65.0,503.0"},
        {"xy": "66.0,275.0"}
      ],
      "from": "車輪",
      "to": "運転者"
    }}
  ]
}}