{"pjparams": {
  "elements": [
    {"element": {
      "xy": "436.0,15.0",
      "ioparams": [{"ioparam": {
        "unit": "温度",
        "id": "設定温度",
        "type": "logic"
      }}],
      "root": false,
      "id": "温度設定",
      "type": "injector"
    }},
    {"element": {
      "xy": "40.0,402.0",
      "ioparams": [{"ioparam": {
        "unit": "温度",
        "id": "外気気温",
        "type": "logic"
      }}],
      "root": false,
      "id": "外気温",
      "type": "injector"
    }},
    {"element": {
      "xy": "665.0,244.0",
      "ioparams": [],
      "root": false,
      "id": "温度センサー",
      "type": "sensor"
    }},
    {"element": {
      "xy": "422.0,140.0",
      "ioparams": [],
      "root": false,
      "id": "室温制御装置",
      "type": "controller"
    }},
    {"element": {
      "xy": "153.0,261.0",
      "ioparams": [
        {"ioparam": {
          "unit": "電力量",
          "id": "消費電力量",
          "type": "logic"
        }},
        {"ioparam": {
          "unit": "",
          "id": "冷暖SW",
          "type": "bool"
        }}
      ],
      "root": false,
      "id": "エアコン",
      "type": "actuator"
    }},
    {"element": {
      "xy": "419.0,368.0",
      "ioparams": [
        {"ioparam": {
          "unit": "温度",
          "id": "室内温度",
          "type": "logic"
        }},
        {"ioparam": {
          "unit": "",
          "id": "温度差",
          "type": "real"
        }}
      ],
      "root": true,
      "id": "部屋",
      "type": "equipment"
    }}
  ],
  "scenes": [{"scene": {
    "size": 20,
    "values": [
      {
        "ioValues": [
          {"iovalue": {
            "init": false,
            "upper": "*",
            "id": "消費電力量",
            "type": "Element",
            "under": "*",
            "list": "電力量,0.0,0.0,0.0,0.0,0.0,0.0,0.0,0.0,0.0,0.0,0.0,0.0,0.0,0.0,0.0,0.0,0.0,0.0,0.0,0.0"
          }},
          {"iovalue": {
            "init": false,
            "upper": "*",
            "id": "冷暖SW",
            "type": "Element",
            "under": "*",
            "list": "BOOL,false,false,false,false,false,false,false,false,false,false,false,false,false,false,false,false,false,false,false,false"
          }},
          {"iovalue": {
            "init": false,
            "upper": "*",
            "id": "エアコン風",
            "type": "Connector",
            "under": "*",
            "list": "温度,0.0,0.0,0.0,0.0,0.0,0.0,0.0,0.0,0.0,0.0,0.0,0.0,0.0,0.0,0.0,0.0,0.0,0.0,0.0,0.0"
          }},
          {"iovalue": {
            "init": false,
            "upper": "*",
            "id": "投入電力",
            "type": "Connector",
            "under": "*",
            "list": "電力,0.0,0.0,0.0,0.0,0.0,0.0,0.0,0.0,0.0,0.0,0.0,0.0,0.0,0.0,0.0,0.0,0.0,0.0,0.0,0.0"
          }},
          {"iovalue": {
            "init": false,
            "upper": "*",
            "id": "冷房指定",
            "type": "Connector",
            "under": "*",
            "list": "BOOL,false,false,false,false,false,false,false,false,false,false,false,false,false,false,false,false,false,false,false,false"
          }}
        ],
        "eleid": "エアコン"
      },
      {
        "ioValues": [
          {"iovalue": {
            "init": false,
            "upper": "4.00",
            "id": "室内温度",
            "type": "Element",
            "under": "2.00",
            "list": "温度,0.0,0.0,0.0,0.0,0.0,0.0,0.0,0.0,0.0,0.0,0.0,0.0,0.0,0.0,0.0,0.0,0.0,0.0,0.0,0.0"
          }},
          {"iovalue": {
            "init": false,
            "upper": "*",
            "id": "温度差",
            "type": "Element",
            "under": "*",
            "list": "REAL,0.0,0.0,0.0,0.0,0.0,0.0,0.0,0.0,0.0,0.0,0.0,0.0,0.0,0.0,0.0,0.0,0.0,0.0,0.0,0.0"
          }},
          {"iovalue": {
            "init": false,
            "upper": "*",
            "id": "外温度",
            "type": "Connector",
            "under": "*",
            "list": "温度,0.0,0.0,0.0,0.0,0.0,0.0,0.0,0.0,0.0,0.0,0.0,0.0,0.0,0.0,0.0,0.0,0.0,0.0,0.0,0.0"
          }},
          {"iovalue": {
            "init": false,
            "upper": "*",
            "id": "エアコン風",
            "type": "Connector",
            "under": "*",
            "list": "温度,0.0,0.0,0.0,0.0,0.0,0.0,0.0,0.0,0.0,0.0,0.0,0.0,0.0,0.0,0.0,0.0,0.0,0.0,0.0,0.0"
          }},
          {"iovalue": {
            "init": false,
            "upper": "*",
            "id": "室温",
            "type": "Connector",
            "under": "*",
            "list": "温度,0.0,0.0,0.0,0.0,0.0,0.0,0.0,0.0,0.0,0.0,0.0,0.0,0.0,0.0,0.0,0.0,0.0,0.0,0.0,0.0"
          }}
        ],
        "eleid": "部屋"
      },
      {
        "ioValues": [
          {"iovalue": {
            "init": true,
            "upper": "*",
            "id": "外気気温",
            "type": "Element",
            "under": "*",
            "list": "温度,1.0,1.0,1.0,1.0,1.0,1.0,1.0,1.0,1.0,1.0,1.0,1.0,1.0,1.0,1.0,1.0,1.0,1.0,1.0,1.0"
          }},
          {"iovalue": {
            "init": false,
            "upper": "*",
            "id": "外温度",
            "type": "Connector",
            "under": "*",
            "list": "温度,0.0,0.0,0.0,0.0,0.0,0.0,0.0,0.0,0.0,0.0,0.0,0.0,0.0,0.0,0.0,0.0,0.0,0.0,0.0,0.0"
          }}
        ],
        "eleid": "外気温"
      },
      {
        "ioValues": [
          {"iovalue": {
            "init": false,
            "upper": "*",
            "id": "目標温度",
            "type": "Connector",
            "under": "*",
            "list": "温度,0.0,0.0,0.0,0.0,0.0,0.0,0.0,0.0,0.0,0.0,0.0,0.0,0.0,0.0,0.0,0.0,0.0,0.0,0.0,0.0"
          }},
          {"iovalue": {
            "init": false,
            "upper": "*",
            "id": "投入電力",
            "type": "Connector",
            "under": "*",
            "list": "電力,0.0,0.0,0.0,0.0,0.0,0.0,0.0,0.0,0.0,0.0,0.0,0.0,0.0,0.0,0.0,0.0,0.0,0.0,0.0,0.0"
          }},
          {"iovalue": {
            "init": false,
            "upper": "*",
            "id": "冷房指定",
            "type": "Connector",
            "under": "*",
            "list": "BOOL,false,false,false,false,false,false,false,false,false,false,false,false,false,false,false,false,false,false,false,false"
          }},
          {"iovalue": {
            "init": false,
            "upper": "*",
            "id": "計測温度",
            "type": "Connector",
            "under": "*",
            "list": "温度,0.0,0.0,0.0,0.0,0.0,0.0,0.0,0.0,0.0,0.0,0.0,0.0,0.0,0.0,0.0,0.0,0.0,0.0,0.0,0.0"
          }}
        ],
        "eleid": "室温制御装置"
      },
      {
        "ioValues": [
          {"iovalue": {
            "init": false,
            "upper": "*",
            "id": "計測温度",
            "type": "Connector",
            "under": "*",
            "list": "温度,0.0,0.0,0.0,0.0,0.0,0.0,0.0,0.0,0.0,0.0,0.0,0.0,0.0,0.0,0.0,0.0,0.0,0.0,0.0,0.0"
          }},
          {"iovalue": {
            "init": false,
            "upper": "*",
            "id": "室温",
            "type": "Connector",
            "under": "*",
            "list": "温度,0.0,0.0,0.0,0.0,0.0,0.0,0.0,0.0,0.0,0.0,0.0,0.0,0.0,0.0,0.0,0.0,0.0,0.0,0.0,0.0"
          }}
        ],
        "eleid": "温度センサー"
      },
      {
        "ioValues": [
          {"iovalue": {
            "init": true,
            "upper": "*",
            "id": "設定温度",
            "type": "Element",
            "under": "*",
            "list": "温度,3.0,3.0,3.0,3.0,3.0,3.0,3.0,3.0,3.0,3.0,3.0,3.0,3.0,3.0,3.0,3.0,3.0,3.0,3.0,3.0"
          }},
          {"iovalue": {
            "init": false,
            "upper": "*",
            "id": "目標温度",
            "type": "Connector",
            "under": "*",
            "list": "温度,0.0,0.0,0.0,0.0,0.0,0.0,0.0,0.0,0.0,0.0,0.0,0.0,0.0,0.0,0.0,0.0,0.0,0.0,0.0,0.0"
          }}
        ],
        "eleid": "温度設定"
      }
    ],
    "sceneid": "XXXX",
    "deviation": {
      "kind": "connector",
      "deviationid": 52,
      "paramid": "投入電力"
    },
    "dStartIdx": 2
  }}],
  "connections": [
    {"connection": {
      "ioparams": [{"ioparam": {
        "unit": "温度",
        "id": "目標温度",
        "type": "logic"
      }}],
      "coordinates": [
        {"xy": "496.0,85.0"},
        {"xy": "496.0,140.0"}
      ],
      "from": "温度設定",
      "to": "室温制御装置"
    }},
    {"connection": {
      "ioparams": [{"ioparam": {
        "unit": "温度",
        "id": "外温度",
        "type": "logic"
      }}],
      "coordinates": [
        {"xy": "160.0,440.0"},
        {"xy": "419.0,440.0"}
      ],
      "from": "外気温",
      "to": "部屋"
    }},
    {"connection": {
      "ioparams": [{"ioparam": {
        "unit": "温度",
        "id": "エアコン風",
        "type": "logic"
      }}],
      "coordinates": [
        {"xy": "221.0,341.0"},
        {"xy": "221.0,410.0"},
        {"xy": "419.0,410.0"}
      ],
      "from": "エアコン",
      "to": "部屋"
    }},
    {"connection": {
      "ioparams": [{"ioparam": {
        "unit": "電力",
        "id": "投入電力",
        "type": "logic"
      }}],
      "coordinates": [
        {"xy": "422.0,164.0"},
        {"xy": "208.0,167.0"},
        {"xy": "208.0,261.0"}
      ],
      "from": "室温制御装置",
      "to": "エアコン"
    }},
    {"connection": {
      "ioparams": [{"ioparam": {
        "unit": "",
        "id": "冷房指定",
        "type": "bool"
      }}],
      "coordinates": [
        {"xy": "422.0,193.0"},
        {"xy": "295.0,194.0"},
        {"xy": "254.0,261.0"}
      ],
      "from": "室温制御装置",
      "to": "エアコン"
    }},
    {"connection": {
      "ioparams": [{"ioparam": {
        "unit": "温度",
        "id": "計測温度",
        "type": "logic"
      }}],
      "coordinates": [
        {"xy": "742.0,244.0"},
        {"xy": "742.0,182.0"},
        {"xy": "572.0,181.0"}
      ],
      "from": "温度センサー",
      "to": "室温制御装置"
    }},
    {"connection": {
      "ioparams": [{"ioparam": {
        "unit": "温度",
        "id": "室温",
        "type": "logic"
      }}],
      "coordinates": [
        {"xy": "569.0,428.0"},
        {"xy": "745.0,428.0"},
        {"xy": "745.0,324.0"}
      ],
      "from": "部屋",
      "to": "温度センサー"
    }}
  ]
}}